xi,y,y_noise
1,1.5,1.7778446136041228
2,2.0,2.0363023207420463
3,2.5,2.326335414858337
4,3.0,3.2586052556627667
5,3.5,3.8219180390302134
6,4.0,4.004935640520946
7,4.5,4.845441890811478
8,5.0,5.3416881679018315
9,5.5,5.614269137283963
10,6.0,5.810257617401007
